{
  "categorias": [
    {
      "id": "c01",
      "nombre": "Portatiles",
      "activa": "false"
    },
    {
      "id": "c02",
      "nombre": "Discos Duros",
      "activa": "true"
    },
    {
      "id": "c03",
      "nombre": "Sobremesas",
      "activa": "true"
    }
  ],
  "articulos": [
    {
      "id": "a01",
      "nombre": "Portatil1222",
      "descripcion": "Lenovo i3",
      "precio": "1500f",
      "idCat": "c01"
    },
    {
      "id": "a02",
      "nombre": "Portatil2MOD",
      "descripcion": "Asus i5",
      "precio": "160005",
      "idCat": "c01"
    },
    {
      "id": "a03",
      "nombre": "Portatil3MD",
      "descripcion": "Toshiba i7",
      "precio": "1700",
      "idCat": "c01"
    },
    {
      "id": "a04",
      "nombre": "Portatil4",
      "descripcion": "HP convertible",
      "precio": "500",
      "idCat": "c01"
    },
    {
      "id": "a05",
      "nombre": "Sobremesa1MOD",
      "descripcion": "HP i7",
      "precio": "5000",
      "idCat": "c03"
    },
    {
      "id": "a06",
      "nombre": "Sobremesa2MOD",
      "descripcion": "HP i5",
      "precio": "6000",
      "idCat": "c03"
    },
    {
      "id": "a07",
      "nombre": "Sobremesa3",
      "descripcion": "Toshiba i7",
      "precio": "700",
      "idCat": "c03"
    },
    {
      "id": "a08",
      "nombre": "Disco12222",
      "descripcion": "Western Digitalsdsd",
      "precio": "349",
      "idCat": "c02"
    },
    {
      "id": "a09",
      "nombre": "Disco2MODIFFFFF",
      "descripcion": "Seagate 5Tb6",
      "precio": "174",
      "idCat": "c02"
    },
    {
      "id": "a10",
      "nombre": "Disco3",
      "descripcion": "Samsumg USB 3.0",
      "precio": "99",
      "idCat": "c02"
    }
  ]
}